no_ip,no_seq,week_no,no_incident,cntr,insert_date,reason_down
172.20.35.99,3,24,1738,1,2018-11-06 23:45:38.463,0
172.20.35.99,3,24,1738,2,2018-11-06 23:45:44.490,0
172.20.35.99,3,24,1738,6,2018-11-06 23:49:58.443,22
172.20.35.99,3,24,1737,1,2018-11-06 23:16:35.370,0
172.20.35.99,3,24,1737,2,2018-11-06 23:16:37.697,0
172.20.35.99,3,24,1737,3,2018-11-06 23:40:37.257,10
172.20.35.99,3,24,1737,4,2018-11-06 23:40:44.163,10
172.20.35.99,3,24,1737,6,2018-11-06 23:42:53.443,1
172.20.35.99,3,24,1736,1,2018-11-06 22:11:00.520,0
172.20.35.99,3,24,1736,2,2018-11-06 22:11:09.257,0
172.20.35.99,3,24,1736,6,2018-11-06 22:15:07.897,22
172.20.35.99,3,24,1735,1,2018-11-06 21:49:07.327,0
172.20.35.99,3,24,1735,2,2018-11-06 21:49:14.547,0
172.20.35.99,3,24,1735,3,2018-11-06 21:52:12.560,11
172.20.35.99,3,24,1735,4,2018-11-06 21:53:03.253,11
172.20.35.99,3,24,1735,6,2018-11-06 21:55:10.370,22
172.20.35.99,3,24,1734,1,2018-11-06 21:38:13.757,0
172.20.35.99,3,24,1734,2,2018-11-06 21:38:13.757,0
172.20.35.99,3,24,1734,6,2018-11-06 21:43:08.853,22
172.20.35.99,3,24,1733,1,2018-11-06 21:14:48.790,0
172.20.35.99,3,24,1733,2,2018-11-06 21:14:48.790,0
172.20.35.99,3,24,1733,3,2018-11-06 21:17:43.320,0
172.20.35.99,3,24,1733,4,2018-11-06 21:18:10.570,0
172.20.35.99,3,24,1733,6,2018-11-06 21:20:24.517,22
172.20.35.99,3,24,1732,1,2018-11-06 21:05:49.117,0
172.20.35.99,3,24,1732,2,2018-11-06 21:05:49.117,0
172.20.35.99,3,24,1732,6,2018-11-06 21:09:44.377,22
172.20.35.99,3,24,1731,1,2018-11-06 20:45:31.020,0
172.20.35.99,3,24,1731,2,2018-11-06 20:46:33.870,0
172.20.35.99,3,24,1731,3,2018-11-06 20:49:31.087,10
172.20.35.99,3,24,1731,4,2018-11-06 21:02:54.490,10
172.20.35.99,3,24,1731,6,2018-11-06 21:05:26.570,22
172.20.35.99,3,24,1730,1,2018-11-06 19:46:46.200,0
172.20.35.99,3,24,1730,2,2018-11-06 19:46:52.967,0
172.20.35.99,3,24,1730,6,2018-11-06 19:49:42.813,22
172.20.35.99,3,24,1729,1,2018-11-06 19:29:22.227,0
172.20.35.99,3,24,1729,2,2018-11-06 19:29:42.467,0
172.20.35.99,3,24,1729,3,2018-11-06 19:29:53.443,1
172.20.35.99,3,24,1729,4,2018-11-06 19:29:53.453,1
172.20.35.99,3,24,1729,5,2018-11-06 19:29:59.803,1
172.20.35.99,3,24,1729,6,2018-11-06 19:32:20.647,1
172.20.35.99,3,24,1728,1,2018-11-06 19:11:07.753,0
172.20.35.99,3,24,1728,4,2018-11-06 19:11:14.843,0
172.20.35.99,3,24,1728,6,2018-11-06 19:28:29.387,1
172.20.35.99,3,24,1727,1,2018-11-06 18:37:01.190,0
172.20.35.99,3,24,1727,4,2018-11-06 18:37:04.190,0
172.20.35.99,3,24,1727,6,2018-11-06 18:44:32.827,8
172.20.35.99,3,24,1726,1,2018-11-06 17:26:40.223,0
172.20.35.99,3,24,1726,2,2018-11-06 17:27:06.210,0
172.20.35.99,3,24,1726,3,2018-11-06 17:30:14.590,10
172.20.35.99,3,24,1726,4,2018-11-06 18:16:07.660,10
172.20.35.99,3,24,1726,6,2018-11-06 18:18:21.717,10
172.20.35.99,3,24,1725,1,2018-11-06 15:09:13.473,0
172.20.35.99,3,24,1725,4,2018-11-06 15:09:21.000,0
172.20.35.99,3,24,1725,6,2018-11-06 15:18:45.827,14
172.20.35.99,3,24,1724,1,2018-11-06 14:28:18.880,0
172.20.35.99,3,24,1724,4,2018-11-06 14:28:30.473,0
172.20.35.99,3,24,1724,6,2018-11-06 14:56:18.193,14
172.20.35.99,3,24,1723,1,2018-11-06 13:12:57.787,0
172.20.35.99,3,24,1723,4,2018-11-06 13:29:33.433,0
172.20.35.99,3,24,1723,6,2018-11-06 13:31:39.777,10
172.20.35.99,3,24,1722,1,2018-11-06 13:02:49.003,0
172.20.35.99,3,24,1722,4,2018-11-06 13:05:38.767,0
172.20.35.99,3,24,1722,5,2018-11-06 13:05:38.767,11
172.20.35.99,3,24,1722,6,2018-11-06 13:07:46.517,11
172.20.35.99,3,24,1721,1,2018-11-06 11:57:21.737,0
172.20.35.99,3,24,1721,4,2018-11-06 11:58:37.773,0
172.20.35.99,3,24,1721,6,2018-11-06 12:00:41.697,11
172.20.35.99,3,24,1720,1,2018-11-06 11:53:34.610,0
172.20.35.99,3,24,1720,4,2018-11-06 11:53:49.207,0
172.20.35.99,3,24,1720,6,2018-11-06 11:55:54.330,11
172.20.35.99,3,24,1719,1,2018-11-06 11:35:09.850,0
172.20.35.99,3,24,1719,4,2018-11-06 11:35:32.320,0
172.20.35.99,3,24,1719,5,2018-11-06 11:35:40.670,11
172.20.35.99,3,24,1719,6,2018-11-06 11:37:44.390,11
172.20.35.99,3,24,1718,1,2018-11-06 10:49:34.520,0
172.20.35.99,3,24,1718,4,2018-11-06 10:55:16.773,0
172.20.35.99,3,24,1718,5,2018-11-06 10:56:35.470,1
172.20.35.99,3,24,1718,6,2018-11-06 10:58:42.510,1
172.20.35.99,3,24,1717,1,2018-11-06 09:57:26.200,0
172.20.35.99,3,24,1717,4,2018-11-06 09:57:52.477,0
172.20.35.99,3,24,1717,5,2018-11-06 09:58:01.193,17
172.20.35.99,3,24,1717,6,2018-11-06 10:35:36.170,17
172.20.35.99,3,24,1716,1,2018-11-06 09:26:01.600,0
172.20.35.99,3,24,1716,4,2018-11-06 09:27:44.580,0
172.20.35.99,3,24,1716,5,2018-11-06 09:27:49.957,11
172.20.35.99,3,24,1716,6,2018-11-06 09:32:44.930,11
172.20.35.99,3,24,1715,1,2018-11-06 08:57:16.320,0
172.20.35.99,3,24,1715,4,2018-11-06 08:58:34.350,0
172.20.35.99,3,24,1715,5,2018-11-06 08:58:34.350,11
172.20.35.99,3,24,1715,6,2018-11-06 09:00:37.470,11
172.20.35.99,3,24,1714,1,2018-11-06 08:00:04.030,0
172.20.35.99,3,24,1714,4,2018-11-06 08:06:04.633,0
172.20.35.99,3,24,1714,5,2018-11-06 08:06:14.627,31
172.20.35.99,3,24,1714,6,2018-11-06 08:08:20.077,31
172.20.35.99,3,24,1713,1,2018-11-06 07:17:30.373,0
172.20.35.99,3,24,1713,4,2018-11-06 07:19:04.627,0
172.20.35.99,3,24,1713,5,2018-11-06 07:19:04.627,10
172.20.35.99,3,24,1713,6,2018-11-06 07:22:57.517,10
172.20.35.99,3,24,1712,1,2018-11-06 06:54:44.133,0
172.20.35.99,3,24,1712,4,2018-11-06 06:56:02.620,0
172.20.35.99,3,24,1712,5,2018-11-06 06:56:02.620,14
172.20.35.99,3,24,1712,6,2018-11-06 06:58:04.550,14
172.20.35.99,3,24,1711,1,2018-11-06 06:46:30.187,0
172.20.35.99,3,24,1711,4,2018-11-06 06:46:38.647,0
172.20.35.99,3,24,1711,5,2018-11-06 06:49:04.150,1
172.20.35.99,3,24,1711,6,2018-11-06 06:51:09.583,1
172.20.35.99,3,24,1710,1,2018-11-06 06:37:52.440,0
172.20.35.99,3,24,1710,4,2018-11-06 06:40:28.343,0
172.20.35.99,3,24,1710,5,2018-11-06 06:40:35.320,0
172.20.35.99,3,24,1710,6,2018-11-06 06:45:12.450,17
172.20.35.99,3,24,1709,1,2018-11-06 06:16:36.770,0
172.20.35.99,3,24,1709,4,2018-11-06 06:16:46.413,0
172.20.35.99,3,24,1709,5,2018-11-06 06:16:46.413,11
172.20.35.99,3,24,1709,6,2018-11-06 06:18:49.073,11
172.20.35.99,3,24,1708,1,2018-11-06 05:36:54.867,0
172.20.35.99,3,24,1708,2,2018-11-06 05:36:54.867,0
172.20.35.99,3,24,1708,3,2018-11-06 05:39:58.377,0
172.20.35.99,3,24,1708,4,2018-11-06 05:39:58.377,0
172.20.35.99,3,24,1708,5,2018-11-06 06:02:13.140,17
172.20.35.99,3,24,1708,6,2018-11-06 06:08:43.287,17
172.20.35.99,3,24,1707,1,2018-11-06 05:20:40.780,0
172.20.35.99,3,24,1707,2,2018-11-06 05:20:40.783,0
172.20.35.99,3,24,1707,6,2018-11-06 05:25:30.933,22
172.20.35.99,3,24,1706,1,2018-11-06 05:06:43.140,0
172.20.35.99,3,24,1706,2,2018-11-06 05:06:54.787,0
172.20.35.99,3,24,1706,3,2018-11-06 05:09:46.280,0
172.20.35.99,3,24,1706,4,2018-11-06 05:10:09.533,0
172.20.35.99,3,24,1706,6,2018-11-06 05:13:38.250,22
172.20.35.99,3,24,1705,1,2018-11-06 04:06:48.580,0
172.20.35.99,3,24,1705,2,2018-11-06 04:06:53.033,0
172.20.35.99,3,24,1705,6,2018-11-06 04:11:28.880,22
172.20.35.99,3,24,1704,1,2018-11-06 03:37:21.053,0
172.20.35.99,3,24,1704,2,2018-11-06 03:37:30.200,0
172.20.35.99,3,24,1704,3,2018-11-06 03:40:21.327,0
172.20.35.99,3,24,1704,4,2018-11-06 03:41:39.140,0
172.20.35.99,3,24,1704,6,2018-11-06 03:43:57.527,22
172.20.35.99,3,24,1703,1,2018-11-06 03:20:11.997,0
172.20.35.99,3,24,1703,2,2018-11-06 03:20:11.997,0
172.20.35.99,3,24,1703,6,2018-11-06 03:24:47.803,22
172.20.35.99,3,24,1702,1,2018-11-06 01:50:07.540,0
172.20.35.99,3,24,1702,2,2018-11-06 01:50:07.540,0
172.20.35.99,3,24,1702,6,2018-11-06 03:13:42.787,22
172.20.35.99,3,24,1701,1,2018-11-06 01:37:16.237,0
172.20.35.99,3,24,1701,2,2018-11-06 01:37:29.187,0
172.20.35.99,3,24,1701,3,2018-11-06 01:40:32.740,0
172.20.35.99,3,24,1701,4,2018-11-06 01:41:08.387,0
172.20.35.99,3,24,1701,6,2018-11-06 01:43:16.637,22
172.20.35.99,3,24,1700,1,2018-11-06 01:34:03.440,0
172.20.35.99,3,24,1700,2,2018-11-06 01:34:05.807,0
172.20.35.99,3,24,1700,6,2018-11-06 01:37:16.237,22
172.20.35.99,3,24,1699,1,2018-11-06 01:27:41.780,0
172.20.35.99,3,24,1699,2,2018-11-06 01:27:50.923,0
172.20.35.99,3,24,1699,6,2018-11-06 01:32:11.283,22
172.20.35.99,3,24,1698,1,2018-11-06 01:18:54.917,0
172.20.35.99,3,24,1698,2,2018-11-06 01:19:07.697,0
172.20.35.99,3,24,1698,6,2018-11-06 01:21:48.910,14
172.20.35.99,3,24,1697,1,2018-11-06 01:10:35.317,0
172.20.35.99,3,24,1697,4,2018-11-06 01:10:35.317,0
172.20.35.99,3,24,1697,6,2018-11-06 01:15:15.737,22
172.20.35.99,3,24,1696,1,2018-11-06 01:02:54.680,0
172.20.35.99,3,24,1696,4,2018-11-06 01:03:04.373,0
172.20.35.99,3,24,1696,6,2018-11-06 01:09:41.490,14
172.20.35.99,3,24,1695,1,2018-11-06 00:51:24.697,0
172.20.35.99,3,24,1695,2,2018-11-06 00:51:36.543,0
172.20.35.99,3,24,1695,6,2018-11-06 00:57:16.903,22
172.20.35.99,3,24,1694,1,2018-11-06 00:46:04.063,0
172.20.35.99,3,24,1694,2,2018-11-06 00:46:04.077,0
172.20.35.99,3,24,1694,6,2018-11-06 00:51:14.223,22
172.20.35.99,3,24,1693,1,2018-11-06 00:05:32.447,0
172.20.35.99,3,24,1693,2,2018-11-06 00:05:32.447,0
172.20.35.99,3,24,1693,6,2018-11-06 00:10:00.503,22
172.20.35.99,3,24,1692,1,2018-11-05 23:59:05.983,0
172.20.35.99,3,24,1692,4,2018-11-05 23:59:15.067,0
172.20.35.99,3,24,1692,6,2018-11-06 00:04:01.603,22
172.20.35.99,3,24,1691,1,2018-11-05 23:34:46.377,0
172.20.35.99,3,24,1691,2,2018-11-05 23:34:53.260,0
172.20.35.99,3,24,1691,6,2018-11-05 23:39:52.107,22
172.20.35.99,3,24,1690,1,2018-11-05 23:27:14.520,0
172.20.35.99,3,24,1690,4,2018-11-05 23:27:19.113,0
172.20.35.99,3,24,1690,6,2018-11-05 23:32:16.177,22
172.20.35.99,3,24,1689,1,2018-11-05 23:06:01.590,0
172.20.35.99,3,24,1689,2,2018-11-05 23:06:10.333,0
172.20.35.99,3,24,1689,3,2018-11-05 23:09:05.697,0
172.20.35.99,3,24,1689,4,2018-11-05 23:09:20.510,0
172.20.35.99,3,24,1689,6,2018-11-05 23:11:52.060,22
172.20.35.99,3,24,1688,1,2018-11-05 22:32:51.567,0
172.20.35.99,3,24,1688,2,2018-11-05 22:32:56.627,0
172.20.35.99,3,24,1688,3,2018-11-05 22:35:59.680,0
172.20.35.99,3,24,1688,4,2018-11-05 22:36:13.507,22
172.20.35.99,3,24,1688,6,2018-11-05 22:39:10.313,22
172.20.35.99,3,24,1687,1,2018-11-05 21:55:59.743,0
172.20.35.99,3,24,1687,2,2018-11-05 21:56:04.273,0
172.20.35.99,3,24,1687,3,2018-11-05 21:59:02.987,0
172.20.35.99,3,24,1687,4,2018-11-05 21:59:50.317,0
172.20.35.99,3,24,1687,6,2018-11-05 22:03:03.460,22
172.20.35.99,3,24,1686,1,2018-11-05 21:39:22.260,0
172.20.35.99,3,24,1686,2,2018-11-05 21:39:26.220,0
172.20.35.99,3,24,1686,6,2018-11-05 21:43:35.623,22
172.20.35.99,3,24,1685,1,2018-11-05 21:10:55.467,0
172.20.35.99,3,24,1685,2,2018-11-05 21:10:58.620,0
172.20.35.99,3,24,1685,6,2018-11-05 21:15:03.167,22
172.20.35.99,3,24,1684,1,2018-11-05 21:05:12.437,0
172.20.35.99,3,24,1684,2,2018-11-05 21:05:12.437,0
172.20.35.99,3,24,1684,6,2018-11-05 21:10:01.493,1
172.20.35.99,3,24,1683,1,2018-11-05 20:41:36.793,0
172.20.35.99,3,24,1683,4,2018-11-05 20:41:38.970,0
172.20.35.99,3,24,1683,5,2018-11-05 20:41:42.783,1
172.20.35.99,3,24,1683,6,2018-11-05 21:04:01.187,1
172.20.35.99,3,24,1682,1,2018-11-05 20:29:07.283,0
172.20.35.99,3,24,1682,2,2018-11-05 20:31:46.167,0
172.20.35.99,3,24,1682,3,2018-11-05 20:33:50.667,19
172.20.35.99,3,24,1682,4,2018-11-05 20:33:50.667,19
172.20.35.99,3,24,1682,5,2018-11-05 20:33:50.667,19
172.20.35.99,3,24,1682,6,2018-11-05 20:35:54.333,19
172.20.35.99,3,24,1681,1,2018-11-05 20:21:36.810,0
172.20.35.99,3,24,1681,4,2018-11-05 20:21:36.810,0
172.20.35.99,3,24,1681,5,2018-11-05 20:21:43.927,17
172.20.35.99,3,24,1681,6,2018-11-05 20:27:23.670,17
172.20.35.99,3,24,1680,1,2018-11-05 18:13:15.500,0
172.20.35.99,3,24,1680,4,2018-11-05 18:13:27.167,0
172.20.35.99,3,24,1680,5,2018-11-05 18:13:35.357,15
172.20.35.99,3,24,1680,6,2018-11-05 19:07:28.853,15
172.20.35.99,3,24,1679,1,2018-11-05 17:26:01.897,0
172.20.35.99,3,24,1679,4,2018-11-05 17:26:01.897,0
172.20.35.99,3,24,1679,5,2018-11-05 17:26:17.073,21
172.20.35.99,3,24,1679,6,2018-11-05 18:12:05.903,21
172.20.35.99,3,24,1678,1,2018-11-05 16:35:46.653,0
172.20.35.99,3,24,1678,4,2018-11-05 16:36:02.013,0
172.20.35.99,3,24,1678,5,2018-11-05 16:36:03.073,22
172.20.35.99,3,24,1678,6,2018-11-05 16:38:07.277,22
172.20.35.99,3,24,1677,1,2018-11-05 16:17:49.803,0
172.20.35.99,3,24,1677,4,2018-11-05 16:17:49.803,0
172.20.35.99,3,24,1677,5,2018-11-05 16:17:49.803,22
172.20.35.99,3,24,1677,6,2018-11-05 16:20:07.783,22
172.20.35.99,3,24,1676,1,2018-11-05 16:14:21.087,0
172.20.35.99,3,24,1676,4,2018-11-05 16:14:25.220,0
172.20.35.99,3,24,1676,5,2018-11-05 16:14:35.050,15
172.20.35.99,3,24,1676,6,2018-11-05 16:17:20.253,15
172.20.35.99,3,24,1675,1,2018-11-05 16:05:14.617,0
172.20.35.99,3,24,1675,4,2018-11-05 16:05:23.670,0
172.20.35.99,3,24,1675,5,2018-11-05 16:05:30.533,22
172.20.35.99,3,24,1675,6,2018-11-05 16:09:10.397,22
172.20.35.99,3,24,1674,1,2018-11-05 15:44:22.163,0
172.20.35.99,3,24,1674,4,2018-11-05 15:44:22.163,0
172.20.35.99,3,24,1674,5,2018-11-05 15:44:34.203,1
172.20.35.99,3,24,1674,6,2018-11-05 16:00:40.243,18
172.20.35.99,3,24,1673,1,2018-11-05 13:55:45.700,0
172.20.35.99,3,24,1673,4,2018-11-05 13:56:01.300,0
172.20.35.99,3,24,1673,5,2018-11-05 13:56:10.160,11
172.20.35.99,3,24,1673,6,2018-11-05 14:00:21.030,11
172.20.35.99,3,24,1672,1,2018-11-05 13:20:28.957,0
172.20.35.99,3,24,1672,4,2018-11-05 13:20:32.690,0
172.20.35.99,3,24,1672,5,2018-11-05 13:20:37.527,17
172.20.35.99,3,24,1672,6,2018-11-05 13:29:00.937,17
172.20.35.99,3,24,1671,1,2018-11-05 12:59:24.693,0
172.20.35.99,3,24,1671,4,2018-11-05 13:01:59.483,0
172.20.35.99,3,24,1671,5,2018-11-05 13:02:07.633,22
172.20.35.99,3,24,1671,6,2018-11-05 13:04:11.007,22
172.20.35.99,3,24,1670,1,2018-11-05 12:55:15.823,0
172.20.35.99,3,24,1670,4,2018-11-05 12:56:19.180,0
172.20.35.99,3,24,1670,5,2018-11-05 12:56:25.183,11
172.20.35.99,3,24,1670,6,2018-11-05 12:58:26.150,11
172.20.35.99,3,24,1669,1,2018-11-05 12:30:08.877,0
172.20.35.99,3,24,1669,2,2018-11-05 12:32:25.013,0
172.20.35.99,3,24,1669,3,2018-11-05 12:32:33.610,18
172.20.35.99,3,24,1669,4,2018-11-05 12:32:37.840,18
172.20.35.99,3,24,1669,5,2018-11-05 12:32:42.730,18
172.20.35.99,3,24,1669,6,2018-11-05 12:44:47.753,18
172.20.35.99,3,24,1668,1,2018-11-05 11:55:40.477,0
172.20.35.99,3,24,1668,4,2018-11-05 12:08:24.707,0
172.20.35.99,3,24,1668,5,2018-11-05 12:08:30.243,1
172.20.35.99,3,24,1668,6,2018-11-05 12:10:38.647,1
172.20.35.99,3,24,1667,1,2018-11-05 11:14:05.937,0
172.20.35.99,3,24,1667,4,2018-11-05 11:15:58.210,0
172.20.35.99,3,24,1667,5,2018-11-05 11:16:01.707,22
172.20.35.99,3,24,1667,6,2018-11-05 11:18:03.133,22
172.20.35.99,3,24,1666,1,2018-11-05 11:05:02.770,0
172.20.35.99,3,24,1666,4,2018-11-05 11:05:16.177,0
172.20.35.99,3,24,1666,6,2018-11-05 11:07:26.187,22
172.20.35.99,3,24,1665,1,2018-11-05 10:49:16.043,0
172.20.35.99,3,24,1665,4,2018-11-05 10:51:16.123,0
172.20.35.99,3,24,1665,6,2018-11-05 11:03:27.267,22
172.20.35.99,3,24,1664,1,2018-11-05 10:45:52.280,0
172.20.35.99,3,24,1664,4,2018-11-05 10:45:58.920,0
172.20.35.99,3,24,1664,5,2018-11-05 10:46:07.500,12
172.20.35.99,3,24,1664,6,2018-11-05 10:48:11.697,12
172.20.35.99,3,24,1663,1,2018-11-05 10:38:49.110,0
172.20.35.99,3,24,1663,4,2018-11-05 10:41:34.570,0
172.20.35.99,3,24,1663,5,2018-11-05 10:41:40.220,14
172.20.35.99,3,24,1663,6,2018-11-05 10:43:44.207,14
172.20.35.99,3,24,1662,1,2018-11-05 10:00:21.723,0
172.20.35.99,3,24,1662,4,2018-11-05 10:34:54.510,0
172.20.35.99,3,24,1662,5,2018-11-05 10:35:14.923,17
172.20.35.99,3,24,1662,6,2018-11-05 10:37:13.323,17
172.20.35.99,3,24,1661,1,2018-11-05 09:54:42.247,0
172.20.35.99,3,24,1661,4,2018-11-05 09:56:00.450,0
172.20.35.99,3,24,1661,5,2018-11-05 09:56:05.010,14
172.20.35.99,3,24,1661,6,2018-11-05 09:58:13.707,14
172.20.35.99,3,24,1660,1,2018-11-05 09:04:44.577,0
172.20.35.99,3,24,1660,4,2018-11-05 09:09:23.620,0
172.20.35.99,3,24,1660,5,2018-11-05 09:09:26.487,22
172.20.35.99,3,24,1660,6,2018-11-05 09:13:56.283,22
172.20.35.99,3,24,1659,1,2018-11-05 08:29:05.080,0
172.20.35.99,3,24,1659,3,2018-11-05 08:29:05.090,0
172.20.35.99,3,24,1659,4,2018-11-05 08:52:14.270,0
172.20.35.99,3,24,1659,5,2018-11-05 08:29:05.090,0
172.20.35.99,3,24,1659,6,2018-11-05 08:54:21.480,22
172.20.35.99,3,23,1652,1,2018-11-03 20:13:58.140,0
172.20.35.99,3,23,1652,4,2018-11-03 20:14:51.737,0
172.20.35.99,3,23,1652,5,2018-11-03 20:14:57.527,22
172.20.35.99,3,23,1651,1,2018-11-03 19:59:53.170,0
172.20.35.99,3,23,1651,2,2018-11-03 19:59:57.910,0
172.20.35.99,3,23,1651,3,2018-11-03 20:02:08.567,21
172.20.35.99,3,23,1651,4,2018-11-03 20:02:08.567,21
172.20.35.99,3,23,1651,5,2018-11-03 20:02:17.893,21
172.20.35.99,3,23,1651,6,2018-11-03 20:12:37.877,21
172.20.35.99,3,23,1650,1,2018-11-03 19:44:10.760,0
172.20.35.99,3,23,1650,4,2018-11-03 19:44:20.180,0
172.20.35.99,3,23,1650,5,2018-11-03 19:44:20.180,21
172.20.35.99,3,23,1650,6,2018-11-03 19:58:37.080,21
172.20.35.99,3,23,1649,1,2018-11-03 19:37:10.587,0
172.20.35.99,3,23,1649,4,2018-11-03 19:37:22.647,0
172.20.35.99,3,23,1649,5,2018-11-03 19:37:30.020,22
172.20.35.99,3,23,1649,6,2018-11-03 19:39:57.893,22
172.20.35.99,3,23,1648,1,2018-11-03 19:26:13.757,0
172.20.35.99,3,23,1648,4,2018-11-03 19:26:17.897,0
172.20.35.99,3,23,1648,5,2018-11-03 19:26:19.687,21
172.20.35.99,3,23,1648,6,2018-11-03 19:35:12.373,21
172.20.35.99,3,23,1647,1,2018-11-03 19:20:44.017,0
172.20.35.99,3,23,1647,4,2018-11-03 19:20:53.917,0
172.20.35.99,3,23,1647,5,2018-11-03 19:21:00.973,21
172.20.35.99,3,23,1647,6,2018-11-03 19:23:45.177,21
172.20.35.99,3,23,1646,1,2018-11-03 19:09:12.797,0
172.20.35.99,3,23,1646,4,2018-11-03 19:09:17.333,0
172.20.35.99,3,23,1646,5,2018-11-03 19:09:20.970,21
172.20.35.99,3,23,1646,6,2018-11-03 19:14:35.307,21
172.20.35.99,3,23,1645,1,2018-11-03 18:53:47.363,0
172.20.35.99,3,23,1645,4,2018-11-03 18:53:50.697,0
172.20.35.99,3,23,1645,5,2018-11-03 18:53:55.180,21
172.20.35.99,3,23,1645,6,2018-11-03 18:57:15.720,21
172.20.35.99,3,23,1644,1,2018-11-03 18:34:41.260,0
172.20.35.99,3,23,1644,4,2018-11-03 18:34:48.140,0
172.20.35.99,3,23,1644,5,2018-11-03 18:34:52.310,21
172.20.35.99,3,23,1644,6,2018-11-03 18:39:54.650,21
172.20.35.99,3,23,1643,1,2018-11-03 18:12:21.397,0
172.20.35.99,3,23,1643,4,2018-11-03 18:13:19.877,0
172.20.35.99,3,23,1643,5,2018-11-03 18:13:19.877,22
172.20.35.99,3,23,1643,6,2018-11-03 18:27:06.933,22
172.20.35.99,3,23,1642,1,2018-11-03 18:07:18.327,0
172.20.35.99,3,23,1642,4,2018-11-03 18:07:56.830,0
172.20.35.99,3,23,1642,5,2018-11-03 18:08:01.060,21
172.20.35.99,3,23,1642,6,2018-11-03 18:10:16.217,21
172.20.35.99,3,23,1641,1,2018-11-03 18:00:22.060,0
172.20.35.99,3,23,1641,4,2018-11-03 18:01:23.413,0
172.20.35.99,3,23,1641,5,2018-11-03 18:01:28.880,22
172.20.35.99,3,23,1641,6,2018-11-03 18:03:35.547,22
172.20.35.99,3,23,1640,1,2018-11-03 17:56:16.467,0
172.20.35.99,3,23,1640,4,2018-11-03 17:56:23.023,0
172.20.35.99,3,23,1640,5,2018-11-03 17:56:23.023,22
172.20.35.99,3,23,1640,6,2018-11-03 17:58:35.563,22
172.20.35.99,3,23,1639,1,2018-11-03 17:44:21.453,0
172.20.35.99,3,23,1639,4,2018-11-03 17:44:30.187,0
172.20.35.99,3,23,1639,5,2018-11-03 17:44:34.543,21
172.20.35.99,3,23,1639,6,2018-11-03 17:53:50.820,21
172.20.35.99,3,23,1638,1,2018-11-03 16:34:29.953,0
172.20.35.99,3,23,1638,4,2018-11-03 16:34:32.500,0
172.20.35.99,3,23,1638,5,2018-11-03 16:34:38.360,11
172.20.35.99,3,23,1638,6,2018-11-03 17:00:42.193,11
172.20.35.99,3,23,1637,1,2018-11-03 16:27:56.800,0
172.20.35.99,3,23,1637,4,2018-11-03 16:29:35.843,0
172.20.35.99,3,23,1637,5,2018-11-03 16:29:39.663,22
172.20.35.99,3,23,1637,6,2018-11-03 16:31:42.890,22
172.20.35.99,3,23,1636,1,2018-11-03 15:48:10.887,0
172.20.35.99,3,23,1636,4,2018-11-03 15:48:15.477,0
172.20.35.99,3,23,1636,5,2018-11-03 15:58:34.593,17
172.20.35.99,3,23,1636,6,2018-11-03 16:05:08.030,17
172.20.35.99,3,23,1635,1,2018-11-03 15:31:12.710,0
172.20.35.99,3,23,1635,4,2018-11-03 15:33:25.787,0
172.20.35.99,3,23,1635,5,2018-11-03 15:33:33.413,15
172.20.35.99,3,23,1635,6,2018-11-03 15:35:38.933,15
172.20.35.99,3,23,1634,1,2018-11-03 15:05:49.990,0
172.20.35.99,3,23,1634,4,2018-11-03 15:08:42.980,0
172.20.35.99,3,23,1634,5,2018-11-03 15:14:35.853,1
172.20.35.99,3,23,1634,6,2018-11-03 15:20:59.040,1
172.20.35.99,3,23,1633,1,2018-11-03 14:19:08.010,0
172.20.35.99,3,23,1633,4,2018-11-03 14:20:53.647,0
172.20.35.99,3,23,1633,5,2018-11-03 14:20:59.247,11
172.20.35.99,3,23,1633,6,2018-11-03 14:22:57.377,11
172.20.35.99,3,23,1632,1,2018-11-03 13:47:00.677,0
172.20.35.99,3,23,1632,4,2018-11-03 13:47:23.533,0
172.20.35.99,3,23,1632,5,2018-11-03 13:47:28.560,11
172.20.35.99,3,23,1632,6,2018-11-03 13:54:07.880,11
172.20.35.99,3,23,1631,1,2018-11-03 13:28:12.870,0
172.20.35.99,3,23,1631,4,2018-11-03 13:32:34.220,0
172.20.35.99,3,23,1631,5,2018-11-03 13:32:40.430,10
172.20.35.99,3,23,1631,6,2018-11-03 13:36:46.880,10
172.20.35.99,3,23,1630,1,2018-11-03 13:02:02.950,0
172.20.35.99,3,23,1630,4,2018-11-03 13:02:22.570,0
172.20.35.99,3,23,1630,5,2018-11-03 13:02:29.787,11
172.20.35.99,3,23,1630,6,2018-11-03 13:17:02.220,11
172.20.35.99,3,23,1629,1,2018-11-03 12:35:10.640,0
172.20.35.99,3,23,1629,4,2018-11-03 12:42:25.613,0
172.20.35.99,3,23,1629,5,2018-11-03 12:42:38.820,11
172.20.35.99,3,23,1629,6,2018-11-03 12:45:41.160,11
172.20.35.99,3,23,1628,1,2018-11-03 11:38:15.633,0
172.20.35.99,3,23,1628,4,2018-11-03 11:38:24.577,0
172.20.35.99,3,23,1628,5,2018-11-03 11:38:32.900,10
172.20.35.99,3,23,1628,6,2018-11-03 11:44:05.230,10
172.20.35.99,3,23,1627,1,2018-11-03 11:11:20.880,0
172.20.35.99,3,23,1627,4,2018-11-03 11:13:25.407,0
172.20.35.99,3,23,1627,6,2018-11-03 11:16:58.940,5
172.20.35.99,3,23,1626,1,2018-11-03 10:43:24.030,0
172.20.35.99,3,23,1626,2,2018-11-03 10:43:24.057,0
172.20.35.99,3,23,1626,6,2018-11-03 11:07:51.920,1